email,password
joko.putri1@dummy.com,password123
lina.putri2@dummy.com,password123
budi.pratiwi3@dummy.com,password123
zahra.saputra4@dummy.com,password123
bella.nugroho5@dummy.com,password123
dewi.hidayat6@dummy.com,password123
wawan.lestari7@dummy.com,password123
hadi.wijaya8@dummy.com,password123
joko.saputra9@dummy.com,password123
sari.gunawan10@dummy.com,password123
teguh.wijaya11@dummy.com,password123
umi.setiawan12@dummy.com,password123
hadi.purnomo13@dummy.com,password123
bella.gunawan14@dummy.com,password123
qori.putri15@dummy.com,password123
umi.pratiwi16@dummy.com,password123
wawan.kusuma17@dummy.com,password123
dina.lestari18@dummy.com,password123
farhan.putri19@dummy.com,password123
putri.saputra20@dummy.com,password123
hadi.santoso21@dummy.com,password123
vina.hidayat22@dummy.com,password123
kartika.wulandari23@dummy.com,password123
budi.gunawan24@dummy.com,password123
vina.kusuma25@dummy.com,password123
teguh.mulyani26@dummy.com,password123
joko.saputra27@dummy.com,password123
agus.hidayat28@dummy.com,password123
putri.putri29@dummy.com,password123
rudi.hidayat30@dummy.com,password123
farhan.wijaya31@dummy.com,password123
cahyo.wulandari32@dummy.com,password123
lina.nugroho33@dummy.com,password123
putri.utami34@dummy.com,password123
qori.saputra35@dummy.com,password123
nadia.wulandari36@dummy.com,password123
andi.purnomo37@dummy.com,password123
lina.hartono38@dummy.com,password123
maman.setiawan39@dummy.com,password123
joko.saputra40@dummy.com,password123
maman.setiawan41@dummy.com,password123
lina.nugroho42@dummy.com,password123
zahra.hidayat43@dummy.com,password123
qori.hartono44@dummy.com,password123
teguh.purnomo45@dummy.com,password123
eka.hidayat46@dummy.com,password123
budi.setiawan47@dummy.com,password123
wawan.nugroho48@dummy.com,password123
cahyo.pratiwi49@dummy.com,password123
budi.purnomo50@dummy.com,password123
kartika.wulandari51@dummy.com,password123
dewi.utami52@dummy.com,password123
qori.purnomo53@dummy.com,password123
nadia.setiawan54@dummy.com,password123
oscar.hidayat55@dummy.com,password123
yudi.saputra56@dummy.com,password123
vina.santoso57@dummy.com,password123
farhan.saputra58@dummy.com,password123
farhan.hartono59@dummy.com,password123
teguh.setiawan60@dummy.com,password123
kartika.saputra61@dummy.com,password123
bella.hidayat62@dummy.com,password123
andi.purnomo63@dummy.com,password123
wawan.putri64@dummy.com,password123
budi.utami65@dummy.com,password123
bella.purnomo66@dummy.com,password123
eka.saputra67@dummy.com,password123
indah.putri68@dummy.com,password123
farhan.lestari69@dummy.com,password123
nadia.pratiwi70@dummy.com,password123
xena.santoso71@dummy.com,password123
teguh.mulyani72@dummy.com,password123
sari.wulandari73@dummy.com,password123
zahra.gunawan74@dummy.com,password123
sari.mulyani75@dummy.com,password123
agus.hartono76@dummy.com,password123
farhan.wijaya77@dummy.com,password123
oscar.utami78@dummy.com,password123
rudi.putri79@dummy.com,password123
yudi.saputra80@dummy.com,password123
putri.gunawan81@dummy.com,password123
wawan.utami82@dummy.com,password123
budi.saputra83@dummy.com,password123
citra.lestari84@dummy.com,password123
oscar.hartono85@dummy.com,password123
putri.wulandari86@dummy.com,password123
citra.mulyani87@dummy.com,password123
oscar.kusuma88@dummy.com,password123
umi.utami89@dummy.com,password123
agus.putri90@dummy.com,password123
agus.putri91@dummy.com,password123
zahra.hartono92@dummy.com,password123
vina.pratiwi93@dummy.com,password123
dina.wulandari94@dummy.com,password123
wawan.santoso95@dummy.com,password123
wawan.hidayat96@dummy.com,password123
kartika.setiawan97@dummy.com,password123
eka.wijaya98@dummy.com,password123
qori.purnomo99@dummy.com,password123
vina.nugroho100@dummy.com,password123
dewi.saputra101@dummy.com,password123
joko.hartono102@dummy.com,password123
qori.utami103@dummy.com,password123
gita.saputra104@dummy.com,password123
eka.wulandari105@dummy.com,password123
maman.gunawan106@dummy.com,password123
oscar.wulandari107@dummy.com,password123
zahra.setiawan108@dummy.com,password123
maman.santoso109@dummy.com,password123
gita.saputra110@dummy.com,password123
xena.saputra111@dummy.com,password123
putri.lestari112@dummy.com,password123
putri.mulyani113@dummy.com,password123
dina.hartono114@dummy.com,password123
joko.hartono115@dummy.com,password123
gita.hartono116@dummy.com,password123
andi.wulandari117@dummy.com,password123
farhan.utami118@dummy.com,password123
dewi.setiawan119@dummy.com,password123
dina.gunawan120@dummy.com,password123
agus.purnomo121@dummy.com,password123
zahra.nugroho122@dummy.com,password123
lina.wijaya123@dummy.com,password123
rudi.pratiwi124@dummy.com,password123
cahyo.santoso125@dummy.com,password123
teguh.wulandari126@dummy.com,password123
bella.pratiwi127@dummy.com,password123
indah.utami128@dummy.com,password123
rudi.kusuma129@dummy.com,password123
lina.lestari130@dummy.com,password123
bella.saputra131@dummy.com,password123
wawan.kusuma132@dummy.com,password123
umi.pratiwi133@dummy.com,password123
indah.mulyani134@dummy.com,password123
joko.purnomo135@dummy.com,password123
lina.gunawan136@dummy.com,password123
indah.gunawan137@dummy.com,password123
dewi.putri138@dummy.com,password123
wawan.wulandari139@dummy.com,password123
eka.mulyani140@dummy.com,password123
yudi.nugroho141@dummy.com,password123
bella.wijaya142@dummy.com,password123
xena.utami143@dummy.com,password123
budi.kusuma144@dummy.com,password123
cahyo.wulandari145@dummy.com,password123
joko.lestari146@dummy.com,password123
yudi.gunawan147@dummy.com,password123
maman.lestari148@dummy.com,password123
citra.setiawan149@dummy.com,password123
eka.gunawan150@dummy.com,password123
joko.pratiwi151@dummy.com,password123
yudi.hartono152@dummy.com,password123
nadia.hartono153@dummy.com,password123
dina.lestari154@dummy.com,password123
cahyo.lestari155@dummy.com,password123
sari.gunawan156@dummy.com,password123
yudi.gunawan157@dummy.com,password123
gita.utami158@dummy.com,password123
vina.purnomo159@dummy.com,password123
cahyo.setiawan160@dummy.com,password123
citra.putri161@dummy.com,password123
gita.pratiwi162@dummy.com,password123
kartika.gunawan163@dummy.com,password123
farhan.kusuma164@dummy.com,password123
bella.saputra165@dummy.com,password123
oscar.pratiwi166@dummy.com,password123
kartika.wulandari167@dummy.com,password123
indah.santoso168@dummy.com,password123
citra.mulyani169@dummy.com,password123
teguh.hartono170@dummy.com,password123
lina.lestari171@dummy.com,password123
xena.setiawan172@dummy.com,password123
maman.wulandari173@dummy.com,password123
oscar.setiawan174@dummy.com,password123
farhan.nugroho175@dummy.com,password123
zahra.santoso176@dummy.com,password123
dewi.putri177@dummy.com,password123
vina.pratiwi178@dummy.com,password123
bella.purnomo179@dummy.com,password123
vina.hidayat180@dummy.com,password123
sari.santoso181@dummy.com,password123
wawan.santoso182@dummy.com,password123
lina.putri183@dummy.com,password123
dewi.wulandari184@dummy.com,password123
sari.mulyani185@dummy.com,password123
xena.wulandari186@dummy.com,password123
sari.saputra187@dummy.com,password123
dina.setiawan188@dummy.com,password123
kartika.santoso189@dummy.com,password123
maman.purnomo190@dummy.com,password123
gita.gunawan191@dummy.com,password123
maman.kusuma192@dummy.com,password123
qori.wulandari193@dummy.com,password123
budi.gunawan194@dummy.com,password123
budi.mulyani195@dummy.com,password123
nadia.putri196@dummy.com,password123
sari.hartono197@dummy.com,password123
kartika.pratiwi198@dummy.com,password123
yudi.hartono199@dummy.com,password123
lina.pratiwi200@dummy.com,password123
